ID,Name,Age,Height,Weight
1,Samantha Gutierrez,56,166.11769224873615,82.0413157345103
2,Kevin Burnett,46,190.49372229273175,60.80190912547998
3,Kelsey Mccoy,32,162.7320327381882,80.97939774489149
4,Christopher Johnson,60,184.07513611119646,82.51005461990766
5,Maria Morris MD,25,188.0113929944843,57.601242656432404
6,Samantha Young,38,179.7819370303922,53.06748135553341
7,Kathleen Martinez,56,173.5788094275079,89.038079303422
8,Thomas Williams,36,170.5920457073634,72.99002118846602
9,Andre Vargas,40,167.44341332714976,52.90818977527379
10,David Banks,28,196.4764572123913,99.74331585848836
11,Dwayne Rodriguez,28,191.53097038938645,52.88902804981833
12,Lauren Nixon,41,198.25134553332563,84.75176144292766
13,Paige Ortega,53,156.21486117427725,99.18394626317068
14,Melissa Howard,57,186.54337376018222,61.95900521079628
15,Brittney Smith,41,196.9170228410519,57.11246843435981
16,Darren Aguilar,20,159.061653308283,56.069246971121444
17,Michael Harper,39,153.32481336833888,65.16375737837978
18,Janet Pena,19,187.05603246450295,55.052290550532334
19,Katherine Cooper,41,178.7236556589956,84.60806708470659
20,Mr. Travis Johnson,61,192.09143883791359,53.114589906503134
21,Robert Stewart,47,156.98861883131448,75.47110640748949
22,Joshua Nguyen,55,189.76336559299452,99.83484269264883
23,Brittany Welch,19,160.08136600238723,90.69851347530094
24,Jessica West,38,158.18279714328523,80.76097191155054
25,James Hopkins,50,158.21328989654964,65.31268103933058
26,Zachary Collins,29,190.7287360115691,81.19479181458192
27,James Huffman,39,183.25986103481,76.35207319558258
28,Jennifer White,61,176.15327123845597,71.30416919451858
29,Raymond Hayes,42,167.94152420617513,56.535518837009974
30,Scott Obrien,44,193.8600270406554,94.33021076202334
31,John Walker,59,169.62225537113176,72.48923244106612
32,Edwin Parker,45,190.82997197357886,59.73112559103825
33,Nicholas Wilson,33,171.9567454285109,68.38796754386448
34,Tom Moore,32,168.84722147124538,70.70648762644635
35,Jeremy Lewis,64,173.13398928348033,91.37689477834371
36,Mary Bailey,61,165.0688937082071,86.6807190280701
37,Tony Miller,20,187.38046900881255,88.46524468206698
38,Cindy Dunn,54,175.13601950462396,50.55156322143236
39,Gina Potts,24,161.61063475734088,70.80769990898807
40,Jill Gordon,38,194.97872866372842,74.06720758176618
41,Frank Butler,26,169.19456106866056,50.95961384115284
42,Robert Wells,56,177.17764305569943,62.99066043725171
43,Eric White,35,195.32360554822736,88.01449115610674
44,Ariel Jackson,21,181.2118997956996,56.855485286449955
45,Justin Dawson,42,155.84490203541822,76.76550657262959
46,Leslie Warren,31,196.99160618067376,60.76009360086188
47,Yesenia Gonzalez,26,181.3854026535709,50.60603873219466
48,David Page,43,166.7452807328543,62.06007287997707
49,Marco Pearson,19,156.96360363316936,98.7936877455027
50,Justin Martinez,37,189.70125946351482,90.07685559414948
51,Donna Golden,45,181.00363779642566,97.97883221605167
52,Alexis Stewart,64,176.67305459881607,74.39270219631813
53,Katie Gregory,24,194.6946291525479,55.48680993387518
54,Ronald Walters,61,189.42986056122655,77.39797444868465
55,Nathan Espinoza,25,157.58374398663756,72.71886672799805
56,Valerie Roberts,64,165.5861033897774,92.2178541369808
57,John Smith,52,162.4244569907233,54.90412903921223
58,Carl Levy,31,187.19731462863385,74.4120568510889
59,Sarah Miller,34,151.67662173678897,57.50243323469921
60,Tyrone Miller,53,178.49448424356584,66.23379634450299
61,Sara Arnold,57,188.12293428703452,86.86785386938999
62,Anthony Lopez,21,193.83828183808748,73.80090646843833
63,Jessica Bishop,19,167.10408743579538,68.79441425728847
64,Alexis Lara,23,191.06286523360063,69.72381392850177
65,Lynn Harris,59,155.53158684776037,72.97233842029934
66,James White,21,192.3226145867259,89.25082719185284
67,Annette Velasquez,46,156.3744331165991,94.60423444701172
68,Paul Castillo,35,169.86436452801837,97.76673432519641
69,Charles Harris,43,189.86476828897767,89.34516931276475
70,Carrie Lyons,61,157.4958713674387,65.77034478740063
71,Allison Crawford,51,161.46256976163207,84.4067353043271
72,Dr. Lindsey Myers,27,186.1126284196533,71.8801562027696
73,Gabriela Harris,53,186.00182682730372,62.73353110230256
74,Robert Green,31,182.05738164426486,92.04357897129613
75,Mr. Joshua Williams,48,184.697422223355,51.92131744811625
76,Kathryn Pena,32,177.1362221673798,95.08809960677118
77,Anita White,25,162.58995294534765,73.0738732312367
78,Shawn Johnson,31,167.28479967519598,81.86007384041402
79,Andrew Roberson,40,159.07988584007128,82.96769611028913
80,George Collins,57,195.42252806668142,94.75588703532682
81,Rebecca Garrett,38,179.16958973830603,81.83348410836037
82,Melanie Contreras,33,170.042570838182,80.69667923800309
83,Kristin Byrd,62,173.10029018220663,53.3326020280345
84,Robin Watts,35,197.36416698059077,75.9204010972602
85,Lisa Mcclain,64,157.66757015580401,57.50845004085208
86,Nicholas Murphy,41,179.31149160083987,86.87168843607428
87,Molly Duncan,43,175.2944339442233,75.61109604063373
88,Eric Johnson,42,180.5727117717324,84.01138896041766
89,Patrick Bishop,62,150.90550919104203,52.083645030119214
90,Shelby Brooks,58,193.60619544720757,54.23960080229016
91,Heather Murphy,46,196.60591412418063,85.81616940313411
92,Mark Walker,32,178.25665917946046,53.60421679993367
93,Emily Perkins,62,184.8325411938446,53.56283638826293
94,Sherry Brock,18,196.1249690588648,50.605423761744376
95,Julie White,42,185.36193171566993,97.82506991497401
96,Julia Johnson,24,157.62695214571306,86.87541797295034
97,Mark Rangel,26,178.81441800834065,67.66257042510321
98,William Carson,41,180.33575231914278,64.82677906438276
99,Jill Carpenter,18,171.2065335651193,67.48516148729247
100,Ashley Pace,61,186.82221178123615,88.73267655905909
101,Terri Grant,25,196.71835073845074,83.06853055352072
102,Wendy Lee,41,196.2784256453388,59.259778393373395
103,Brandon Burke,28,172.54196857020662,58.70546676670422
104,James Carney,34,155.66190229203775,54.91978248566986
105,Holly Thomas,25,199.24205994811672,83.0151359850669
106,Catherine Morgan,52,191.9449043222967,88.2186331110868
107,Robert Martin,52,156.23313406016334,63.2523214162502
108,David Morales,50,196.04209413086863,51.047248051545644
109,Terri Brooks,22,193.4948181031064,54.10858337382137
110,Zachary Lopez,59,175.9419028563036,98.39300174225153
111,Rose Estrada,56,179.56377178724645,64.77223887387102
112,Nicholas Frost,58,169.95013519350653,88.46115739190668
113,Jesse Bell,45,152.73808194110157,81.23317844271318
114,Victoria Welch,24,166.75986208229506,69.09698198264479
115,Brenda Schneider,26,190.14267242990059,60.28436310977776
116,Karen Jackson,25,150.23160115023015,56.06932090797032
117,Monica Brooks,29,166.6749585845572,80.75064840194332
118,Mary Soto,51,169.90843467954716,88.7316890318894
119,Mark Henderson,50,176.86978014689615,82.19521267705653
120,Carol Lewis,40,195.99278082063802,76.51510666245792
121,Catherine Young,41,167.31729971829807,52.097561171581816
122,Vincent Martinez,54,167.34766009481137,98.42443887971919
123,Richard Fisher,52,186.87506240548743,89.93570958272872
124,Betty Peterson,61,172.61089704449034,64.64110183504823
125,Ashley Smith,57,161.2302411469991,98.99851646794252
126,Jose Hernandez,39,172.62197580663468,80.09407948181611
127,Katie Lewis,44,157.04285101899,79.12113291036232
128,Michael Hill,52,158.81934932531118,87.4036589714766
129,Bradley Kramer,18,174.918388636974,90.58848940450687
130,Michelle Martinez,52,170.9462724752274,82.82393036657513
131,Joshua Rodriguez,54,195.742295053405,56.40478731831
132,Steven Jordan,64,168.11969495583165,66.91337529972492
133,Jeremy Shaffer,31,179.02941751390216,96.40418201630249
134,Dennis Chan,20,181.6132143959765,61.230780592192595
135,Francisco Esparza,18,150.65472282941667,68.60835119187567
136,Billy Summers,22,183.17686860083552,71.6038441472098
137,Amanda Osborn,43,158.90179834348757,71.97024948472261
138,Robin Griffin,31,198.05351587347275,80.64697912472627
139,Kara Johnson,56,157.43313638765565,97.15379188723537
140,Amy Nelson,44,170.7312061863512,62.034635591625246
141,Nicole Moore,26,154.2674834039322,56.0750688150459
142,David Tucker,32,199.84371259229738,59.873524492996864
143,Jose Meza,32,175.10975051656214,94.34624501046348
144,John Case,43,179.76925086600218,82.2905406327603
145,Timothy Parker,59,153.35382386942138,64.29533946195801
146,Jason Johnston,30,187.4980235199589,90.79734694843086
147,Melissa Moore,49,160.4952796547793,93.0684998181718
148,Shannon Smith,56,194.90271447203568,92.3257169345139
149,Sara Rice,49,160.25698202410035,95.94632668197772
150,Ryan Dickerson,21,159.53438603318332,62.612051008668075
151,Melissa Shelton,47,151.82748339240473,87.75209643731392
152,Jason Miller,54,173.60334725549995,73.026974863707
153,Betty Boyle,40,178.24205666313082,92.09992764450308
154,Mary Marquez,56,153.2854319714176,86.42453385808065
155,Pamela Blevins,62,188.7763808347505,88.82237232498623
156,Joseph Jimenez,32,172.66444173740138,82.80809188405357
157,Christy Singh,60,176.219513466379,58.87143847348534
158,Matthew Adams,46,172.0381373469114,77.25134594484692
159,Lawrence Rios,53,170.0381530437663,99.23348697622541
160,Taylor Phillips,30,177.9820165654109,96.86940332485594
161,Wendy Lopez,49,157.76201229653563,52.158686789850584
162,Kelly Lewis,24,159.09640652476355,58.24074078647186
163,Mark Hughes,39,193.08928105067588,56.58643867272809
164,Cynthia Lynch,45,197.30577310668164,86.29899549926478
165,Jacob Newton,19,168.66546581398765,90.88926649284726
166,Alexander Welch,59,163.5372336571777,60.675568315533596
167,Charlene Ortiz,62,182.19997716195078,75.29263464759146
168,Mallory Lopez,23,170.4367085549048,92.03515140056
169,Brian Stark,45,151.26931778301724,86.64007723831253
170,Melissa Wang,45,157.8076298683095,77.11186027459242
171,Cynthia Torres,61,185.79861144236986,79.51738452293864
172,Jeremy Gibson,61,182.94619709550756,75.418027345814
173,Karen Fischer,37,151.35479962517417,64.87742256594103
174,Jennifer Smith DVM,47,161.09860809664747,78.2510996429508
175,Kaitlyn Henderson,28,161.55373982940358,84.44426510250453
176,Jerry Anderson,45,183.59463717993643,93.66614579304039
177,Rhonda Lane,42,150.9855268877182,81.8145676989624
178,Philip Salazar,56,155.2054290992287,88.0560768521579
179,Benjamin Colon,50,189.99580426865947,58.003581747728646
180,David Miller,18,158.92723310271668,73.07787372098949
181,Kimberly Cruz,44,182.63730539259373,50.46658099135467
182,Jennifer Lloyd,30,161.90913905233631,62.33394322608115
183,Steve Weaver,58,154.97206963796725,86.32308575565024
184,Christopher Kennedy,20,162.1586095499727,99.59049756746816
185,Paul Russell Jr.,56,186.11334659278296,54.958904979360796
186,Christopher Elliott,23,192.78482340531428,70.07471579306441
187,John Luna,25,191.51099322834958,90.00354843495798
188,Holly Nash,44,169.85917648092274,60.20178173144494
189,Samantha Reed,26,183.4042568285323,77.7542474651143
190,Erin Bell,54,160.24921477079104,86.65356480148374
191,Ashley Bryant,50,164.65738651305065,80.79927251300896
192,Gabriel Cox,59,194.816790926056,59.401236730770805
193,Laurie Stewart,61,150.6500961755368,67.76922843428697
194,Cynthia Peterson,41,154.2754265427234,89.18958922426987
195,Christina Williamson,32,160.39431275730138,77.71132570660083
196,Colleen Reeves,49,151.32661019369098,50.261480677145634
197,Chelsea Kidd,49,159.07177175448987,88.0495380014047
198,Robert Dunn,41,179.1520780484846,51.76556774701196
199,Tara Porter,58,171.0712275296249,87.2866891365616
200,Derrick Hunter,29,194.63358555384875,60.124028008261874
201,Tonya Mejia,56,190.87217808692205,97.90367400596901
202,Kayla Boyer,19,167.0908675848938,68.39703756510423
203,Todd Lambert,20,162.97117167156463,66.34658081690395
204,Robert Golden,54,168.98462040836336,57.44440251662223
205,Jasmine Odonnell,34,179.5147471257404,65.28021077451075
206,Brenda Byrd,19,163.40318204114382,93.83253809141003
207,Joshua Parker,19,181.2074453924567,99.81671688136237
208,Amy Coleman,45,170.47058260956203,68.41547652534241
209,Thomas Garcia,40,177.602359042599,72.43053154772713
210,Jose Green,54,171.80632645676585,86.10354691013686
211,Lisa Bullock,49,164.72328797709588,94.30978902325373
212,Dominique Conley,50,197.42266534810784,79.6522167093392
213,Kayla Floyd,18,188.18028970798804,69.57628490889147
214,Dalton Chen,36,157.00565878832262,70.63109204243119
215,Daniel Griffith,19,193.42339879489563,84.78090732484034
216,Daniel Bowen,61,174.37155991247567,50.16091318021393
217,Michael Bryant,43,194.72761134470457,80.97946687299203
218,Jacob Rogers,49,189.99276279736577,67.77465052206787
219,Dorothy Cervantes,23,171.26067522346167,89.7098665638542
220,Jenny Choi,49,151.12346541600587,54.64953199115661
221,Dana Arroyo,21,163.4338679692473,79.41011334741953
222,Travis Ingram,28,177.08171073304334,74.04864449430619
223,Melissa Nguyen,34,181.67391099130737,82.11627629526137
224,Curtis Clark,55,162.8943842716601,53.24267972414842
225,Kelly Knapp,41,156.9678037036412,78.99918937140657
226,Stephen Vincent,22,191.74651183996497,78.07422939797618
227,James Meadows,51,199.22010903517761,78.03300472080855
228,Michael Harrington,23,176.28450911513428,80.17438332982275
229,Matthew Bishop,39,158.58396429241517,83.82339686131812
230,Jennifer Thomas,28,163.61536632596844,90.24944998403848
231,Kelly Hanna,33,150.91953382737333,63.49103600641072
232,Brian Evans,50,195.71494032802497,91.2524705090031
233,Robert Martinez,26,155.88755414450705,74.91278411317268
234,Ryan Jacobs,23,178.82582377571268,53.852913956716556
235,Paula Cole,33,163.7027610343603,52.92754646219896
236,Corey Mendoza,46,177.70890012578968,66.71191593480305
237,Nicole Nguyen,20,182.57101941759322,89.24484885557338
238,Amanda Anderson,37,191.48709018536007,85.3840467370458
239,Jill Foley,53,160.32106358803017,89.43074823362032
240,Paul Bennett Jr.,36,150.54979143292402,75.86345282208046
241,Abigail Steele,43,156.84428150344036,72.00994989777453
242,Rhonda Thomas,20,195.00093209240526,57.372626335314195
243,Ashley Johnson,36,193.69450387812577,66.40963768046558
244,Chelsey Wilson,37,179.87065510851542,71.70096830869376
245,Kathryn Hunt,49,180.02584302168268,54.43002148398086
246,Mr. Casey Rodriguez,24,183.25183372731277,61.03059763556056
247,John Wyatt,58,158.76856393117248,79.91126470318694
248,Nicholas Garrett,50,195.720597296248,86.7831557119595
249,Timothy Rush II,57,170.93852624460365,99.91737556964748
250,Ryan Clark,56,169.1569264124749,96.65566656717789
251,Angela Mccarty,35,175.94588526414188,82.12825997675958
252,Robin Rubio,57,152.34829833875276,71.0624026647036
253,Jeff Marshall,18,158.31416843780397,81.80886823541164
254,Diane Torres,28,186.9016808213185,89.2825809040116
255,Glenn Santos,45,154.1399333962563,55.91680954616937
256,Manuel Nichols,42,180.15760547331942,70.4952444848144
257,Daniel Wright,40,162.26745548406603,91.99011428178086
258,Eddie Brown,48,169.46478070209884,69.1916475966522
259,Alexis Adams,47,164.434686838535,78.59361356135932
260,James Horne,59,167.78363582324747,79.38846804310991
261,Jennifer Parker,52,185.9522952592123,59.22381265668197
262,Traci Cooper,24,164.85608578115875,68.11177208261442
263,Ariana Edwards,33,178.32023201484486,66.72556443709661
264,Douglas Allen,43,173.80252010995497,51.30983542660324
265,Karen Delgado,19,183.1835582681324,51.209588194567765
266,Thomas Huff,18,196.8414869662379,91.58485218378868
267,Kevin Underwood,29,186.62860486051252,63.65354049864062
268,Leah Sullivan,22,160.74701892953783,75.90393831194078
269,Juan Schwartz,54,151.55915675306423,64.93627867943866
270,Amy Chavez,49,163.11320221499125,97.03396225576702
271,Monique Henderson,26,179.75389653501276,62.964837943288686
272,Trevor Reeves,58,152.57129067421252,71.48284063694675
273,Andrew Cunningham II,52,174.8183123600618,93.63651252423008
274,Kevin Gordon,36,179.84214244584444,92.09667833959043
275,Matthew Washington MD,33,166.71219454084803,59.305070892313864
276,Christopher Sullivan,20,188.5456101872911,90.13216548978552
277,Gary Davis,37,155.32991265668858,72.90934433689463
278,Amber Hernandez,41,153.75688908679044,74.14844360426775
279,Todd Thompson,50,186.40943781018018,56.67399862079719
280,Alicia Sloan,41,174.77456581030992,54.03007568785623
281,Elizabeth Holmes,28,184.4201198213868,86.39696534868827
282,Patricia Price,25,171.74136693018733,74.82305761776499
283,Mark Ward,53,162.32010166195533,71.84253513075898
284,Lori Oneal,55,190.95511588371,86.47541143261984
285,Holly Brown,57,189.97079394844897,88.27564494955548
286,Stephen Arnold,37,184.73482354272133,57.94540838346768
287,Douglas Cox,52,163.60725686149814,80.51125747388207
288,Jason Smith,42,179.51153334345435,56.76770411388428
289,Jerome Davis,52,168.04869484700134,87.56875430145229
290,Dominic Wolfe,42,154.57910366633172,82.84775781335698
291,Kayla Jones,46,195.86567877311214,97.8307310541729
292,Alexander Rodgers,35,156.84093154594808,53.44790081782106
293,Molly Fritz,63,197.51186769104012,52.852736057562716
294,Michelle Castro,35,172.3002886478978,64.10935373466
295,Melissa Price,19,159.25664644193097,63.0852841867953
296,David Williams,52,177.0950473689179,62.348939953599995
297,Mark Ortiz,33,193.64729179382041,95.31272902605184
298,Mary Holmes,58,186.61124432047805,62.477309992475305
299,Jacqueline Cameron,53,190.32805739307247,63.59748630643155
300,Terry Fisher,50,182.93916833553587,87.96991312089818
301,Danielle Coleman,21,184.61382822589263,72.486992122527
302,Claudia Vance,50,192.45978257826596,88.83552784775907
303,Kevin Doyle,31,162.4834004429593,53.26830787821926
304,Ryan Garrett,38,174.471248182157,74.37855968366921
305,Edward Rhodes,37,161.0604720909801,51.680680009164135
306,Clayton Hensley,25,199.38340039983234,53.13266017276773
307,Amanda Wilkins,24,197.20296698433066,95.32187266722055
308,Christopher White,20,151.9713405684253,56.96226855587976
309,Ashley Williams,34,185.2787586257844,76.62103411376086
310,Louis Ramirez,50,196.2624158707833,70.55478013003533
311,Dr. Amy Pacheco,29,159.02876725636668,67.36716631294213
312,Christine Holmes,39,178.39726152763149,94.99166728436361
313,David Christensen Jr.,39,195.7744148794021,51.091169838774476
314,Blake Jimenez,63,151.69729892928993,83.18948430877946
315,Kimberly Brown,47,184.871013362342,98.16972171067752
316,Erin Maxwell,55,164.86745036862754,78.0084091730921
317,Brittney Hall,55,196.2198097688265,96.84112310165459
318,James Larson,62,198.55291225826838,52.612893964301186
319,Ian Meyer,25,197.21332445567168,70.93966595370807
320,Daniel Taylor,44,173.7107108328732,63.007889548102554
321,Joseph Nguyen,44,193.10213254946567,86.54104824903649
322,Lisa Mathis,51,192.2274699267535,99.06485452486234
323,David Simmons DDS,38,165.95502366216277,62.82650312221239
324,Joshua French,47,191.44577370753387,82.70873007370372
325,Juan Moore,50,151.85038173577462,59.904881637987
326,Tammy Hernandez,45,179.81349392410266,78.2665127285805
327,Patricia Oneill,64,161.50044186438515,73.19662433441681
328,Jeffrey Smith,50,156.02834428886393,98.60026648157685
329,Maria French,22,153.84766008146045,80.42636363482333
330,Jessica Macdonald,36,184.814438793907,67.47531860434094
331,Jeffrey Hernandez,21,166.99374818840332,55.704789244396665
332,Anthony King,52,186.23833857643808,57.56234143674673
333,Christina Schmidt,34,153.26781703994712,61.26584649756175
334,Ethan Cooke,61,165.76451689153052,62.5483330670149
335,Jeanette Holloway,45,176.97456461876686,92.5308028920569
336,Billy Parker,47,189.5361582419482,78.06113941412625
337,Jill Lopez,46,165.9376251466035,76.16954556871832
338,Anthony Williams,63,181.29456882185045,55.73844359346087
339,Benjamin Ortiz,23,194.29888741180935,93.00698466747176
340,Lynn Garcia,52,180.79315940911522,86.14071516042418
341,Rachel Peterson,58,161.6479737376817,53.38341809500008
342,Ryan Cole,54,151.2200390778269,85.39175486148844
343,Amanda Torres,41,193.5049436950465,77.1769108671323
344,Denise Mendoza,46,151.06347054251935,54.08626728733891
345,Kimberly Horne,63,193.73508363420996,72.91503207643282
346,Adam Harvey,48,176.4468567013606,74.23481435650234
347,Lisa Powers,52,196.9533849256448,58.28872700816379
348,Alyssa Johns,50,189.93916178868326,97.28490735001412
349,Michael Brown,38,199.89670552666686,92.4987685740331
350,Mary Banks,49,167.53559077258552,83.45111686645541
351,James Bryan,40,188.35941444655634,73.11477805003037
352,Ryan Joyce DDS,50,170.0965456804621,70.58827707922542
353,Donna Kim,20,173.99378101519545,82.5486733575477
354,Patricia Peters,35,181.3752731609185,77.27159347034527
355,Steven Solis,42,193.68385570931693,53.11365529409428
356,Scott Freeman,59,199.20417345996475,75.62513243851659
357,Tina Pace,48,188.41367069322592,90.32018086164197
358,Tanya Alexander,20,170.8883391083667,72.96199387984791
359,Stephanie Baker,57,171.06785011385352,52.59782887771342
360,Sean Carroll,63,186.87911507944457,89.31390996920166
361,William Wilson,41,161.9388572884151,60.06818910679872
362,James Carter,49,155.52370565656975,62.93104174440194
363,Robert Martin,64,167.73110788203883,58.235317671614794
364,Jeffrey Gonzalez,39,164.36194958270409,66.51075324357488
365,Amanda Smith,40,164.8154060227995,87.83757528443175
366,Anthony Perry,19,161.6803875524955,75.96929297519686
367,Aaron Roberson,44,152.1046594818181,60.24406370753563
368,Alexander Lopez,59,150.89369673667068,93.89150390760204
369,Eric Miles,19,199.3861194868016,93.97909274757646
370,Charles Arias,43,171.38865668679313,93.52892125230034
371,Brian Johnson,34,169.21633235798407,61.93981056907697
372,Lisa Berry,57,183.9823641346535,72.56196720904941
373,Eric Mcdowell,50,160.91269439325322,99.24948280704376
374,Kathleen Ruiz,26,197.49805919751128,88.60062381549952
375,Brandon Vance,60,189.3172507207776,51.35837106127799
376,Margaret Ayers MD,56,154.47055011561298,53.2602295630246
377,Autumn Martin,46,170.8790387892464,73.19656884061664
378,David Jones,59,193.95591537810824,95.461010293078
379,Susan Carson,43,197.2366011145705,76.93508989763572
380,Amy Carpenter,52,173.3700755624935,74.89062540171452
381,Kristin Perez,42,180.67056946053538,55.27368499783153
382,Anthony Alvarez,41,158.35169730460376,82.8390052362147
383,Michelle Terrell,30,199.55843130684883,91.10515803001127
384,Patrick Richardson,24,161.58358506917216,69.02100037537812
385,Gloria Smith,53,197.1365887067563,88.78059254626638
386,Brenda Moreno,62,182.4823324496184,98.22383269504058
387,Jacqueline Stevens,37,180.38683974394297,60.188322956384454
388,David Smith,18,175.63442555082543,76.16648155973706
389,Kyle Oliver,25,161.53349058588793,64.35689790422877
390,Lauren Snow,63,158.8264016002754,89.64272095169197
391,Tammie Hall,33,161.02431045350878,78.87966829405788
392,Jordan Kelly,31,159.32191310721274,81.72912087751519
393,Kenneth Cabrera,29,188.97922367833766,89.8957079807947
394,Chase Williams,40,167.5062629583365,69.79852363312274
395,Donna Yang,32,152.89213382816982,95.75450342035217
396,Stephanie Burke,45,198.45513150704056,76.65144336230699
397,Ronnie Thomas,51,194.18929424817128,57.8977411417674
398,Jean Brown,19,196.38761415976063,84.79495590844013
399,Mark Lara,49,199.74539113232177,89.66306752191272
400,Jessica Moore,40,158.69476246097437,65.83808385337633
401,William Carroll,39,169.81210094513293,92.85896284993765
402,Sarah Payne,42,187.91192378520458,95.30716273828833
403,Monique Page,39,184.8010309026896,63.84522436889045
404,Gabrielle King,39,157.69479531699275,99.1760736357611
405,Alan Bowers,59,190.7916562495309,57.03557640243792
406,Tammy Fritz,23,161.22202859183304,60.1007834201245
407,Jonathan Rodgers,32,161.19088074113117,59.21124196190131
408,Jessica Flores,60,176.8487211446707,94.69948550039352
409,Jacob Hernandez,54,179.64699674208515,82.7146276162481
410,Rodney Johnson,50,179.00431039189056,57.60521416111364
411,Chris Chen,25,154.57434186988775,72.01617091841744
412,Kathryn Johnson,61,193.873043131519,80.76490125349011
413,Elizabeth Lopez,61,163.2800021294353,54.173204249469165
414,Jill Miller,22,156.4757460641402,94.12081842036693
415,Cathy Gregory,56,194.43740399344887,90.18017677207675
416,Amy Curry,21,197.78257491148767,75.26033867883191
417,Cheryl Bowers,23,193.10638086327253,98.35633076295852
418,Heidi Sanders,62,190.4758037362439,70.88804896375498
419,Michelle Marshall,49,182.7620990319511,99.20551595182489
420,Nicholas Garcia,47,177.54286853045696,83.39599994018135
421,Natasha Brown,64,154.3493379955705,81.73356366269707
422,Marcus Carlson,52,170.42266065353493,58.29774476478925
423,David Moore,57,168.63442585061568,94.0963879152322
424,Laura Bonilla,33,162.9876891880163,71.37448439603077
425,Julie Welch,30,186.17100568442925,58.111670289123964
426,Jillian Miller MD,59,174.79378675393855,50.630375998787954
427,Philip Johnson,47,154.0523107953824,77.98778418191912
428,Juan Fuentes,36,161.00916009749056,76.36998110613382
429,Lindsay Morris,34,184.1629381829798,85.96768111845793
430,Jacqueline Allen,36,153.806542974515,94.51290265089011
431,Jason Roach,45,192.56034570243844,53.97032923215148
432,Peter Brown,43,174.75732635069872,86.57482451701811
433,Mrs. Amanda Cohen,54,174.0293288663324,59.37059720487911
434,David Flowers,43,179.62038923297587,92.9088526578582
435,Heather Clark,40,191.23404829625747,90.95317569308281
436,Barbara Rivera,26,167.39046039510964,77.03968774927722
437,Jason Martin,29,183.90080762795318,85.51213993116558
438,Krista Young,18,178.28659819978955,65.71750565918742
439,Cindy Hill,18,163.35141350847107,73.55839494664073
440,Derek Mosley,64,193.9314993177579,91.08184488552358
441,Patricia Robertson,51,189.8713010803464,72.96325985866069
442,Christine Waters,49,182.92259173292126,67.88991326627209
443,Tracy Crawford,42,192.5290864547121,74.710622362515
444,Bobby Zavala,57,193.36471004799012,91.41246262186093
445,Andrea Farmer,62,185.41814883575174,66.76040236854364
446,Lindsey Ramirez,18,191.8506664181836,58.68807965678719
447,Dorothy Watson,33,184.87357308346418,85.60070101653903
448,Rhonda Franklin,56,184.007038588015,91.2989106354041
449,Kara Vega,22,180.9305689107592,55.031873926176665
450,Kenneth Fisher,39,187.63583197788205,61.993705637797234
451,Sandra Noble,46,157.93025526465368,57.09859948804969
452,Tammy Ramirez,20,194.04353795994643,67.39707057910833
453,Lauren Wilkins,29,193.5921763872616,72.51754894527063
454,Jennifer Fisher,43,151.46236415172797,87.44131684816531
455,William Cannon,33,191.29083752823814,82.5573792440837
456,Melissa Palmer,54,156.44349337367225,81.04642837392156
457,Patricia Walsh,39,166.7559427129571,67.61874733048272
458,Kimberly Shelton,46,187.1754128145804,92.072377654238
459,David Douglas,31,158.0379948024154,73.56435836990823
460,Gabriel Burke,45,190.8983512059531,98.95524690075773
461,Rachel Morgan,22,191.6067088978871,81.70710691478683
462,Tamara Conner,64,175.37338668804182,56.313237078225136
463,Thomas Turner,47,150.31929358584168,83.80887810377169
464,Connie Nelson,63,164.35190665874563,66.25520077158495
465,Lori Anderson,22,180.8463459187871,84.31635983430488
466,Jennifer Brown,29,199.05930890137117,53.48205740812028
467,Alan Estrada,33,181.5906763508334,58.744071858797966
468,Chase Phillips,43,162.99017905320798,92.78686294528931
469,Victoria Blackwell,43,181.70028515498058,61.358977851175744
470,Tanya Turner,38,176.99926898579278,91.852056262147
471,Joshua James,56,188.99226975755718,63.96380442272052
472,Sandra Perez,53,155.34903194134793,82.14409550293539
473,Jennifer Fields,50,188.0513951251014,84.70752867549155
474,Christopher Miller,47,177.0633289338055,75.63273765725265
475,Devin Farrell,54,198.14960019294972,65.26553383483656
476,Rhonda Hogan,40,167.0936083019343,60.632218818554804
477,Mrs. Maureen Lowe,27,181.6310946566974,51.659467728121314
478,Jay Dalton,22,196.60140527550087,65.1973200620362
479,Steven Burch,53,155.12548639953397,82.65813952656416
480,Tracy Johnson,51,196.86142436182257,96.91524092242413
481,James Patel,48,184.39428611504067,93.5602241131526
482,Marvin Hunt,27,153.3918529552586,88.30323882676512
483,Jeffrey Smith,36,165.0481783473408,89.42236716266493
484,Matthew Martinez,49,185.40860443226407,83.24924517379976
485,Brandon Gonzalez,18,153.3675300734386,63.01434287830015
486,Aaron Knight DDS,22,179.10852300881368,95.3597515352915
487,Tara Howard,62,167.29415284764784,83.53661559529169
488,Taylor Campbell,21,181.04577588837387,78.02203154902199
489,Abigail Steele,33,152.28710169062563,55.54947346067405
490,Christina Hanna,41,193.57684030761882,72.35277719032126
491,Henry Bell,33,198.67444845886985,73.01791356009632
492,Scott Kim,19,198.44389276428458,93.2281804761335
493,Mary Conley,45,187.48259158714623,77.33241100938943
494,Mitchell Rodriguez II,49,156.5043120065316,69.02002744852048
495,Scott Matthews,44,187.9131597964511,98.84001642553297
496,Dorothy Mcdonald,37,151.22934582294008,55.536029666315784
497,Anna Gaines,41,151.10617757644985,71.12742141559723
498,Brittany Simmons,29,166.18051095747705,52.10123375857027
499,Paul Hines,52,174.43215952023328,86.99520603834651
500,Jesse Perry,50,188.52037089038964,95.90382760995753
501,Elizabeth Glover,50,184.16476883032527,64.00186647752447
502,Lindsey Padilla,60,172.29513531883742,92.91708383995604
503,Haley Williams,54,163.6813333140833,64.61091152309488
504,Amy Brown,29,199.85622500788554,95.53850808219576
505,William Reyes,20,171.30906511179865,87.6980951798392
506,Michele Fuller DDS,18,172.56935121648377,90.24533884207193
507,Matthew Hernandez,50,158.18119105958345,50.90032778002273
508,Jacob Diaz,57,189.74047743749645,98.1405178537013
509,Paul Meyer,27,184.68411128907442,86.33354960351616
510,Marissa Watson,60,161.03848063943803,65.23755476930667
511,Karen Barton,61,154.11905228079215,91.46973324294234
512,Aaron Stout PhD,46,184.02496510373567,64.0760599207465
513,Willie Weaver,30,182.72556071405677,93.6376919783064
514,Tanya Rush,29,163.66297634991048,55.62901952059685
515,Tricia Harrison,48,197.5431781125205,85.18429887303978
516,Kimberly Hood,63,157.55289458904502,77.03492383224551
517,Marc Delgado,19,171.6167400521301,54.82672350977204
518,Kevin Green,52,197.18079600837996,62.09469141294195
519,Matthew Green,40,170.98636584630611,50.62020181386574
520,Denise Harper,34,181.9262973832043,73.43839827322529
521,Patrick Morris,43,169.8797198981397,65.06326303800002
522,Debbie Jones,25,163.7107601174335,79.91787421488795
523,Stacey Schneider,46,199.1988823979914,64.86189038543085
524,Patricia Barnes,43,170.46670031575215,64.99595557534923
525,Clayton Roth,27,194.70496018395673,87.15965993658017
526,Robert Gill,43,161.49773029455432,52.40714179891767
527,Meghan Rogers,51,160.65523520125416,95.14474975959936
528,Joshua Harrell,58,151.55670414422556,92.61319371955906
529,James Perry,24,182.58334126879424,83.39023416132034
530,Mary Johnson,21,168.42631718618804,79.66107850536922
531,Vanessa Nguyen,62,193.21791249198185,94.61512490698262
532,Nathan Hernandez,28,173.66049533457786,59.26650897643572
533,Edward Lucero,46,198.4096713957361,53.948458109541434
534,Leslie Hurst,53,159.27627578515606,61.9755084954769
535,Sara Thomas MD,42,193.43115839778054,89.72891393500952
536,Zachary Rivers,38,188.82984263958707,51.733513336324165
537,Deanna Lee,53,188.5460922322026,79.14034175417449
538,Theresa Collins,27,192.23916140584438,99.7718758095655
539,Johnny Rogers,54,188.05119954714993,92.78480469187697
540,Leah Potts,26,181.31101608157076,76.07228445217947
541,Clayton Durham,41,156.56224388411937,53.18204546433212
542,Debbie Fischer,52,151.6263089745626,91.5686757192855
543,Mrs. Kathryn Roy DVM,52,196.04239239078436,79.94892540886053
544,Christine Peterson,53,180.8325157260369,55.746649852978344
545,Elizabeth Andrade,35,189.82686454880883,54.69286424116781
546,David Acosta,56,174.0761175756275,95.48134097182961
547,Karen Holder,49,155.86540944811972,83.46001314690392
548,Adam Fowler,41,156.25928961012752,91.46433996583778
549,Katie Hale,40,184.27826436144858,93.94894501411336
550,Jason Robinson,49,171.51529474497312,78.58861760241611
551,Rachel Tran,54,160.02623633501685,75.87231758775206
552,Tony Diaz,29,174.57972733707186,71.5213705160495
553,Lisa Wright,30,153.2104468537567,65.84732938955597
554,Gloria Ramirez,40,179.09857009571994,71.72979804293558
555,Nicholas Boone,42,163.44967022175487,88.69398278650782
556,Brittany Gill,52,189.87795503185941,80.09617155075658
557,April Wu,58,165.5180979461787,94.62616449774231
558,Chloe Carey,47,172.76100745409005,72.16900071895938
559,Dr. Lauren Butler,34,150.58102699540504,80.35447893593769
560,Brandon Tucker,37,153.62234438972794,81.56537765459944
561,Luis Perkins,42,169.62467782033423,79.58485811531628
562,Sara Elliott,39,173.99694173585618,85.13168865427582
563,Maria Long,30,180.00102740596517,61.871673418740315
564,Dakota Tucker,36,164.58312893546517,75.61818887728953
565,Emily Bryan,53,184.74909430632712,55.21124014041738
566,Patricia Alexander,29,193.00611985946023,69.22556638224063
567,Shannon Little,58,188.99254944466747,74.38335343106323
568,Jennifer Clark,36,151.98094126741785,82.61121297727362
569,Blake Lam,29,174.02534736289144,97.52655262931017
570,Joseph Carpenter MD,26,155.24650892090875,80.03255332741779
571,Victor Conrad,24,162.10225079312636,87.17969580882799
572,Heather French,45,199.33312966335734,75.31330297476013
573,Johnny Reeves,31,157.12477714507565,81.70520156881656
574,Dennis Gonzalez,48,174.9444076725678,53.54661080668867
575,Adrian Aguilar,36,180.90778671590596,62.71957904209235
576,Jessica Ward,64,185.1232485272052,68.09265466025693
577,Desiree Nguyen,33,177.9824341743457,73.62466775032567
578,Richard Howell,22,150.48854237095918,52.282437275119186
579,Mark Evans,52,166.32306541219958,57.001204877665884
580,Eric Taylor,29,175.88558216923556,63.84071538956529
581,Tiffany Nelson,42,154.39332495724167,98.57663454505254
582,Nathaniel Jones,38,167.53134656045904,66.56735035515254
583,Kelly Allen,53,151.66015543956834,74.10205290560413
584,Christopher Dickerson,40,153.92892485775104,59.80488563691965
585,Derek Brewer,33,169.84616381007982,80.5390035537884
586,Joseph Taylor,56,156.635787702153,64.03416077579871
587,Terry Richards MD,62,178.3770424130779,60.34962892192134
588,Cody Jones,59,184.4732484568633,75.82863142229895
589,Lauren Hansen,56,190.02933495545415,50.27528995802104
590,Valerie Perkins,31,160.0075122122405,50.383201632461265
591,Frederick Carney,48,158.37412911295348,60.95344045509289
592,Mrs. Maria Rogers,22,155.22839201672002,51.83606812504106
593,Keith Levine,52,181.82151247718184,55.40128770653457
594,Elizabeth Hansen,40,185.32378632434506,66.94303246693758
595,Dennis Collins,46,151.5793072412821,90.12928397899064
596,Kimberly Elliott,60,196.8106123121845,78.60243216846504
597,Sherry Ramirez,28,152.59856418257363,75.63338629782082
598,Sarah Camacho,35,177.06481676505354,64.67444116040608
599,Allison Webster,64,185.45302597254582,96.58768597164081
600,Kimberly Soto,29,193.54845618730428,69.85075206185958
601,Sharon Smith,26,185.70434660662139,54.35463833978857
602,Cynthia Fry,27,190.08640415348958,80.85332580589007
603,Cheryl Lee,61,166.9725096271403,55.69191967383007
604,Amanda Johnson,34,190.7412556873256,67.2611571400846
605,Angela Nelson,55,154.00574231923375,75.37059693589045
606,Theodore Porter,24,194.74083280302636,93.71112623425878
607,Alejandro Smith,63,177.37961880768682,74.67732901700593
608,Corey Daniels,30,190.86488849812469,85.11293830158321
609,John Cohen,57,172.615914225915,99.64084194995351
610,Benjamin Hoffman,59,182.17888475982625,56.57445599489908
611,Danielle Reynolds,26,176.32013304680567,63.73657627597598
612,Tanya Burnett,44,186.57947608776658,69.72880377988233
613,Kristen Villa,19,154.0814991015295,71.09140892694157
614,Rachel Manning,22,153.0176041995282,70.55105376327728
615,Christina Herring,46,162.35516170050732,95.38055012782775
616,Mary Torres,54,157.97723400565943,85.70163222334281
617,David Barker,55,193.5891783296101,80.39526070453519
618,Wesley Good,36,160.9606993679022,65.46863589313911
619,Michelle Patterson,25,198.79326279095656,91.18951921106473
620,Ms. Tammy King,62,166.84478958855533,97.75302557424945
621,Daniel Smith,18,159.10589578443495,91.05991412751132
622,Jordan Baker,39,189.48492535712396,50.078255259573645
623,Charles Vargas,34,182.9353887750438,81.82006850917035
624,Sherry Johnson,24,174.90978582265694,52.556769072105034
625,Nicholas Salas,42,177.76817754688156,62.880361016686095
626,Natasha Clark,62,185.9600889136132,52.97623501738858
627,Autumn Lewis,21,161.42273706656493,80.18977264746938
628,Phyllis Reid,53,199.8166958028371,84.32949567463034
629,Mrs. Sarah Johnson,23,198.73965810733915,55.72438190329525
630,Dr. Casey Hernandez,48,182.51628431734684,69.19194415224898
631,Stephen Gilbert,36,159.97712254645725,72.8118254477771
632,Sarah Jones,61,184.01141212156458,68.45265108804583
633,Carrie Fitzpatrick,56,153.6099204489588,56.05125002425965
634,Matthew Riddle,44,151.5326251102903,70.94738950937378
635,Tina Keller,27,162.8841444255607,87.55890239042091
636,Robert Charles,43,173.13114783696582,53.550383226662774
637,Brenda Underwood,36,193.41362527041903,54.00900070409517
638,Lisa Williams,56,186.3584534883154,67.73856459179922
639,Ashlee Hamilton,20,187.13532605999904,97.08628558094625
640,Erik Johnson,62,171.27466672240377,83.42863233614571
641,Dwayne Gonzalez,30,167.29674962734813,83.93349783362824
642,Daniel Young,45,168.55193814923012,68.09599954189325
643,Kimberly Moore,37,199.3824781868029,79.68303956042692
644,Linda Palmer,45,152.0054595706241,50.50655920138717
645,Tony Perry,25,193.35157480612241,81.80480232047711
646,Stephen Lewis,58,178.93377042861968,95.66434737881184
647,Yvette Gillespie,56,171.93077095947953,80.62867341724096
648,Dr. Antonio Vega,18,186.26288302075682,93.68492967331724
649,Derek Thompson,20,174.33344707123513,86.19865277330469
650,Gregory Miller,30,193.67116190408302,56.02792082018451
651,Katelyn Deleon,45,195.03509320056293,95.12266536429209
652,Ryan Hoover,42,171.08604634367276,53.322192217788746
653,Amanda Huff,50,163.8413898617526,76.6983736273882
654,Kevin Valdez,55,179.61751642966811,57.10685618967288
655,Peter Rodriguez,23,195.61816728083454,50.5853305365452
656,Steven Goodwin,61,160.53310945028332,71.10171300638194
657,Carol Perez,62,181.14832917817415,64.75203538270782
658,Anthony Mills,49,181.57801100462603,74.30002468988015
659,Shannon Valdez,62,186.65565112076405,78.85999433672754
660,Sara Church,64,156.578384256363,52.186953615447365
661,Aaron Kirby,38,185.79124823410444,56.15016475618728
662,Michael Stephens,33,195.45162603328205,77.93211982252127
663,Todd Rios,38,158.9841554435121,67.15836765863291
664,Mr. Allen Bray,28,161.8771662461939,86.45867437747239
665,John Mcgee Jr.,54,198.56975470208198,82.614582429597
666,Sherry Clark,53,159.0488476354745,92.28021814949534
667,Madison Jenkins,52,192.71925466847895,84.62464133346126
668,Anthony Brown,36,174.61389282240174,71.49655386950741
669,Jacob Hoffman,37,162.36155372015884,83.64833111972162
670,Sara Harris,35,193.53749506362556,63.76905871277093
671,Jodi Harris,64,172.26526275013327,65.31567493891063
672,Elizabeth Robinson,58,175.74086769648451,89.44925799603966
673,Martin Mckinney,31,167.9616684699883,72.32097582007911
674,Timothy Smith,32,179.64754257174638,89.91901702591763
675,Michael Jackson,48,158.17619362925115,91.12111868341393
676,Brittany Mccall,18,169.55407683258804,92.8781168830642
677,James Jordan,20,198.47061611676438,95.83176179206036
678,Jacob Stanton,33,162.90667163505637,71.5492610256648
679,Steven Craig,40,182.8368332270646,65.94334091605694
680,Justin Williams,28,166.25950321123474,79.1099373297057
681,Whitney Oconnor,29,188.67365628433004,68.55862117188138
682,Breanna Aguirre,27,156.5436830359175,80.05370834001165
683,Rachel Berry,49,198.49105225392725,85.27929313219123
684,Stephanie Patton,33,172.68947706918198,84.42025092460685
685,Robert Khan,25,161.8025231673232,68.72764435100606
686,Daniel Vazquez,55,153.67483736650064,58.34301008493764
687,Tyler Crosby,29,158.48789525437704,71.52646692311038
688,Michelle Banks,41,175.98869742780087,57.12970720409544
689,Scott Franco,45,166.85015882156432,94.50485175919042
690,Stephanie Golden,25,191.44416829413046,67.29387303689288
691,Ricky Mcdonald,45,171.5443761830903,57.72298736116619
692,Maureen Wheeler,53,162.4357136293815,51.272387995287545
693,Garrett Lin,43,180.8572493302015,82.29111931432422
694,Joshua Glass,25,185.3388608442723,81.84511587273715
695,Charles Castro,45,158.35209539504748,67.03020832906458
696,Eric Lopez,45,158.3809608144159,53.58559444238255
697,James Espinoza,54,151.83357134667716,70.4814447447616
698,Christopher Dominguez,58,186.82010075328202,65.56087475316968
699,Kelly Vargas,53,183.19022638109027,83.85603198675047
700,Heather Chan,44,173.7315437874907,80.28896247263452
701,Steven Smith,34,192.20852244845986,68.229686409877
702,John Jefferson,26,190.28350764750266,60.894627712749504
703,James Mathews,50,179.2677182198376,99.40179830777959
704,Steve Oneill,37,193.41356402566294,72.70008105980574
705,Tammy Meyers,30,160.29206050183842,84.41371178901186
706,Tina Larson,45,155.5959809698864,57.02764837891804
707,Emily Zimmerman,46,163.48748057584947,74.27948498296989
708,Jackson Hodge,30,152.85434280446574,51.37683599347327
709,Eric Cummings,63,176.5584764000516,75.2727558955225
710,Casey Jackson,52,196.83028461474808,98.20087035588512
711,Susan Burns,23,151.9671770334255,69.21033564929002
712,Kristina Martin,35,156.10549570050134,51.94980062874558
713,Victor Sims MD,22,172.60995141417177,51.54778954596718
714,Rebecca Jimenez,64,196.69375087639526,69.39933799734348
715,Todd Rojas,42,165.80780524883752,58.001246823159704
716,George Lin,19,175.36174043441963,51.167604816409295
717,Donna Adams,27,152.0786429525196,87.81068069750884
718,Curtis Griffin,47,157.41716004810445,72.92615044409453
719,Scott Fields,62,199.33150614794235,64.46223859863272
720,Danielle Wood,22,198.25593482180227,95.00415915082404
721,Cody Ingram,50,150.24699904672048,55.80694801002628
722,Lisa Jones,18,197.59058927116195,97.79594144776595
723,Angela Alexander,35,181.95599689077503,65.69833586886764
724,Jorge Moreno,49,193.3959147260011,94.42018361543407
725,Heather Cabrera,64,172.73699278169295,80.14714382397308
726,Cody Gomez,28,175.77980142896251,91.33536798707436
727,Jessica Morris,38,174.44232901284602,99.2006581605232
728,Rachel Wright,43,183.34321287730523,64.42027189093729
729,Brandon Perez,42,156.98256273781564,98.05677427037965
730,Monica Schmidt,39,151.4986794936339,69.47409474512102
731,Jason Parker,44,165.39649707955954,69.27559523684612
732,Holly Mcintyre,30,185.23403813683234,67.01935521272529
733,Stacy Miller,50,160.09267260614743,77.07038036737926
734,Cynthia Elliott,51,183.67162166624587,57.707252158924355
735,Kayla Patterson,58,198.49560230536352,77.68557426790056
736,Joshua Rose,52,154.69503578947092,77.0852406205002
737,Kathy King,18,183.63010591125632,88.0950906302435
738,Kevin Flores,38,172.18751096522857,91.68249809687927
739,Christopher Pena,23,193.40711271887528,72.0220675156212
740,Aaron Alvarado,45,158.8574894723693,65.11666246757468
741,Todd Coleman,34,184.63129761130824,62.96674486585472
742,Amber Tran,22,191.90576448240552,59.73119183524359
743,Sierra Campbell,48,197.23071097370115,52.882379109951245
744,Tyler Anderson,22,184.1624014144823,67.12239894173567
745,Lauren Sampson,55,174.85873820042136,63.512384606539165
746,Christina Jackson,20,180.8923620100607,98.32086929332037
747,Jon Murray,40,193.44524922393592,77.8854413125022
748,Brooke Ramos,54,178.5304873319415,67.36385195152538
749,Philip Clark,54,151.51935298484185,79.0233800496848
750,Judith Morris,27,196.5474347753489,56.95983506728477
751,Michael Torres,27,184.47633755157807,72.20218746011014
752,Samantha Yu,36,183.82566928886234,81.31171607105318
753,Larry Mann,34,160.78375761988585,74.44489158962257
754,Gabriela Young,38,182.94427351163284,70.08894003271621
755,Austin Baker,31,169.69322028270793,99.6924194449849
756,Don Copeland,26,182.5616488520746,94.01573810744635
757,Michael Jones,63,155.32965151539955,81.17029790797201
758,Melissa Sosa,18,182.8922652301518,78.46886805911414
759,John Bowman,62,199.97068628853333,81.0330239912292
760,Cynthia Roberson,30,152.4106019430278,60.065605391121665
761,Lucas Warren,21,198.85870921106587,69.75688716321594
762,Joseph Malone,18,170.34539803614354,51.972976644544964
763,Jeremy Elliott,57,193.53767251686295,73.77730187434133
764,Ashlee Williams,49,189.1192742029137,77.15122919788315
765,Donald Price,51,178.3508130493334,61.38748680516048
766,Mindy Martinez,45,186.92246046256633,98.20144235827568
767,Pamela Perez,48,193.9257780650674,95.4727305468621
768,Lori Harris,25,170.20701608255166,86.1071617727953
769,Brett Martinez,56,166.35165807816193,76.66933143826813
770,Samuel Thompson,43,183.37966927817922,93.49845798238425
771,Walter Cook,51,190.39229709706294,56.532617191173145
772,Casey Maynard,20,188.1142567388308,89.52548971374425
773,Briana Green,29,189.89068244293173,56.24104069834242
774,Dr. Derek Boone,18,171.77916574064665,89.71053312747027
775,Jose Mason,61,190.89171080875107,63.78837841256785
776,Michael Livingston,22,156.01045276853043,93.85452905090945
777,Curtis Davila,47,177.22445489804247,97.2021046912699
778,Paul Mcdonald,47,150.28793302490607,57.43979847025578
779,Timothy Henderson,34,166.2292914950135,73.13378025326968
780,Lisa Kennedy,64,168.32307674356989,99.04936890813426
781,Emily Rodriguez,40,169.80863458046278,74.17037179865733
782,Robert Coleman,32,184.7733603344931,93.17737612572725
783,Kevin Moore,54,169.4279050635173,79.436576106566
784,Joshua Neal,38,172.43468113112652,68.76649539598009
785,Casey Benton,31,161.87720654371637,64.28917777629351
786,Julie Daniel,19,168.662589581467,60.16115455430436
787,Meghan Banks,28,161.36348136315758,88.08990956888486
788,Brandon Parker,56,153.65979618842218,69.3270253411514
789,Kenneth Clark,55,180.1724296690689,75.56377311003756
790,Alexandria Rodriguez,51,183.41063992775082,74.6162740000591
791,Jamie Lane,55,180.97451730048073,78.86395146165657
792,Heidi Mitchell,51,173.17470219002863,93.2788572812276
793,Matthew Howard,35,168.9892890089615,99.03696717917147
794,Nathaniel Smith,47,193.16668247859127,70.37921042869084
795,Kyle Jackson,32,175.9540892568109,91.37594610531515
796,Joshua Hale,44,173.95909388148655,88.22638973273588
797,Nicole Duncan,51,151.28210329032177,78.67644757277867
798,Kevin Summers,55,167.0623913813078,97.80235718059666
799,George Gutierrez,50,169.00978093929285,60.023725776420136
800,Dylan Stuart,41,169.94113904484502,55.46321051548107
801,Jennifer Sanchez,32,179.0086184613666,92.69809834777111
802,Joseph Morrow,47,176.68012733634393,71.95749083168741
803,Charlene Davis,59,180.39525463967223,92.34844271035303
804,Travis Powell,34,188.2441630771064,94.65451025977075
805,Brian Boyd,22,190.64928693580467,53.122879680953574
806,Monica Curtis,46,185.9061538113247,94.17323814930303
807,Steven Arias,21,197.77618479774674,72.4159527684711
808,Julie Black,27,150.91162913381808,75.52162445021162
809,Adam Bass,34,159.78889928417732,81.32962555466051
810,Amanda Baker,27,150.3781437489071,96.31913033650434
811,James Obrien,34,182.37373570773013,50.9558047214882
812,Ryan Williams,37,194.90152744749935,73.84217341589085
813,Stacey Stevens,41,162.17411482881496,84.38610212152804
814,Austin Waller,22,196.35172723981532,86.13534788491143
815,Kathy Brown,51,153.01336951447803,84.6266215768554
816,Jeremiah Rodriguez,23,196.7218013402757,56.72175647040609
817,Alexis Roth,19,167.58113436198173,64.96977941858407
818,Daniel Morris,30,155.07104142246084,67.93577627085068
819,Courtney King,60,174.29358795931628,90.22186038397524
820,Deborah Richardson,60,162.8388283860254,63.93799362072765
821,Shane Wilson,28,164.24364509809615,60.53524819336016
822,Christopher Nixon,64,165.36449824631433,97.87240095190481
823,Logan Buck,40,190.15129489163317,50.443164255673445
824,Greg Rivera,33,176.95806383376274,99.89104278409891
825,James Rodriguez,48,165.56538495780018,83.84106494286978
826,Angel Key,28,180.51668916554593,91.42346497245586
827,Haley Franklin,33,185.8075337111597,64.73096981730966
828,Crystal Wright,25,163.6312000366767,50.715763883353
829,Jonathan Johnston,21,170.67745507626756,86.8934759280765
830,Michelle Reyes,57,156.09430466684736,91.7072298500338
831,Mrs. Christine Brown,21,159.05746747673402,87.02380659767596
832,Cheryl Clements,42,184.05589269824912,57.14251436504193
833,James Knight,20,159.07191738478136,87.67139611284846
834,Shannon Mccullough,49,176.258169183353,88.44613910538206
835,Derrick Wu,20,185.45231308612165,82.92702578350274
836,Anna Jones,44,155.34384615473718,88.30579663977932
837,Sandra Jones,46,178.36561098144517,92.2960719838866
838,Daniel Fisher,49,162.82813918506818,80.68020571187293
839,Antonio Bishop,36,198.146343761879,54.430235698483955
840,Derrick Ramos,38,174.17728233599624,74.38139048336055
841,Ronnie Hall,22,190.2996274887579,53.88246673358025
842,Michael Zhang,35,177.5113271078131,70.37715155162154
843,Leah Turner,45,152.17062664274096,70.35532445628138
844,Mandy James,59,181.6575687797011,53.30049220701208
845,Jonathan Stevenson,39,197.57016711033285,67.44102669847396
846,Tanya Smith,38,180.08059100731657,55.54990493956574
847,Rebecca Moses,23,190.9594429713395,90.4117605004611
848,Jason Scott,18,194.2103231674204,97.38440129822354
849,Brandon Dillon,22,161.4039885974466,53.61582376289693
850,Melissa Harris,58,160.60224199541133,97.75576036458507
851,Brenda Mcbride,29,180.54904944254957,76.12882996683726
852,Anthony Calhoun,43,170.55142349033522,64.9782838976937
853,Brian Jones,63,191.99306514333603,53.84310376380817
854,Lauren Johnson,51,195.00115616990055,75.0312134035209
855,Mr. Johnny Jones,31,167.6710689651359,89.72577722453744
856,Rebecca Johns,43,161.8435279487241,85.35432386333491
857,Anthony Stuart,62,189.0262757621931,52.51130057319869
858,Carl Reeves,44,163.7403017774068,53.645091768395176
859,Amy Rose,26,191.13071592568392,70.14366413163185
860,Gregory Washington,43,171.18691268243813,64.76452470239717
861,David Sullivan,64,183.37749496457351,61.619216152802395
862,Michelle Wolf,39,154.7767656917334,64.05022494543567
863,Monique Carpenter,64,181.19296623382866,90.17413716484424
864,Melanie Simmons,47,172.58838393686145,96.46140268159269
865,Douglas Stewart,60,179.3304231587737,70.25513472637832
866,Tara Livingston,34,158.40071038724318,95.30555010662485
867,Sean Green,43,186.84368724720912,66.0747850623941
868,Christine Freeman,53,193.13985387716144,73.82184931718959
869,Kristina Gomez,18,160.8369900045388,61.30144989079999
870,Trevor Parker,25,154.7857277760081,82.0238021087922
871,Veronica Ross,52,151.18192930231683,98.94905575874044
872,Jackson Morris,32,182.0985750221633,80.17465480216893
873,Nancy Jones,64,180.35470180443903,67.89070420567745
874,Hannah Greene,39,177.3348706357035,82.39087229952642
875,Jacob Thompson,31,161.59735480579877,56.14603392326938
876,Nathaniel Wood,43,169.54529979527572,94.43295401326993
877,Jessica Allen,45,179.72381675930865,75.15419753899181
878,Carrie Hill,40,174.83834294295846,72.4674871019821
879,Nathan Griffin,31,199.38927601074437,79.29323942267595
880,Christy Murphy,41,156.82198762783665,81.23919313947013
881,Mary Griffin,19,184.75722770237968,53.58879031132565
882,Scott Martin,62,170.21593840521462,84.13086106117012
883,Teresa Carr,43,171.40998074628072,62.09658401577648
884,Derrick Wallace,31,185.8798882829088,85.69763162532949
885,Kelly Middleton,24,184.62180756621848,91.12673971920984
886,Roberto Fisher,20,199.5627996851094,90.197925377626
887,Matthew Miller,64,156.41971447270626,77.62504837039445
888,Randy Ramirez,40,155.2054824692083,76.00849461553756
889,Kevin Kent,63,186.21694085643705,57.14379806697059
890,William Williams,60,178.91934585032044,88.76730752015678
891,Isabella Jones,64,163.70803332799028,63.570469022335715
892,Caitlyn Strickland,62,153.97096844944934,74.83477114089733
893,Dr. Jennifer Shaw,35,154.28291247982153,64.21370464637583
894,Kathleen Fuentes,55,194.70954373320592,56.691418149984656
895,Andrew Flowers,52,159.59336623593714,81.47788484458682
896,Charles Morrison,32,166.16857810577605,52.71660174114519
897,Stephen Moss,42,161.3328201113494,87.43226170631
898,Michelle Fox,54,167.74981529159686,65.87933976305584
899,Laura Johnson,45,153.47119213730466,50.00673465022427
900,Justin Dixon MD,27,175.95298954541352,75.55645696186149
901,Monica Hamilton,56,153.38062817961074,52.34259542638016
902,Carol Moore,34,190.0178253911181,63.80847789104497
903,Brittney Diaz,56,161.68560409552165,85.3488243727858
904,Barbara Hensley,39,177.00059573022554,53.13448108109329
905,Jessica Bennett,43,194.0039543780729,91.96692461780012
906,Christopher Patterson DVM,61,182.5438684523597,50.19099613292916
907,Erica Richardson,42,176.64788932756676,62.34119346009511
908,Eugene Brown,34,166.2166876557688,87.04520280760357
909,Nathaniel Evans,30,166.6500956529099,65.81350748646534
910,Brianna Powers,37,183.4743477599095,55.094619403300676
911,Donald Martinez,42,199.70696806105838,68.0116959400214
912,Lisa Galvan,21,183.09195949246893,63.51966431922628
913,Jessica Hatfield,27,177.88917086850125,92.13559510802774
914,Matthew Stevens,20,186.53252551196232,65.66739587925716
915,Frederick Brown,58,173.26028061418592,89.44662358880036
916,Gregg Golden,62,153.00711713003926,94.59360724053673
917,Christopher Johnson,35,178.1148407938955,71.69087097882648
918,Steven Meadows,64,197.881264225269,95.4971571927196
919,Breanna George,53,158.76514711788298,68.86590269815964
920,Joel Olson,64,184.50024454103328,98.20392082450542
921,John Hart,39,160.04668443295282,54.46447622627865
922,Courtney Moses,51,176.79138422365406,84.35096332516213
923,Sara Guzman,64,154.833822482336,74.69070202284644
924,Jill Elliott,25,172.51854681290925,69.38244027278236
925,Diana King,57,187.80816644476232,81.63559393743004
926,Sandra Griffin,61,167.3785762119491,85.19285458171656
927,David Reese,36,183.2455862243609,50.21816348251546
928,Kimberly Carter,59,189.77249803948646,58.347654437359935
929,Mary Rios,58,196.35889097397262,85.65230253171593
930,Mary Webster,54,161.7321040927727,83.31927067891033
931,Nicholas Mercado,23,169.9657957904654,98.30237525643386
932,Tyler Trujillo,43,157.62080066652086,88.05188951253915
933,Curtis Hernandez,51,199.62417510791875,97.53863538656691
934,Charles Villanueva,62,196.35004839621476,85.12702507674035
935,Melissa Flynn,23,176.99785651402797,64.90261043197216
936,William Gray,54,192.10166471882107,55.268246112542826
937,Jodi Nelson,50,176.04789886360211,89.09119316724679
938,Cheryl Lara,39,181.179284400138,82.2074610737958
939,Gregory Evans,38,154.45622160580083,52.40930061966481
940,Jonathan Randall,23,187.7635210248404,68.00252329504892
941,Carolyn Sanders,23,156.38567418176174,97.8399907742143
942,Robert Sullivan,21,191.3033815126264,75.02005728551006
943,Beth Allen,47,189.1014043835193,71.63645680098523
944,Dr. Jennifer Simpson MD,28,185.4372348871488,72.8849802579647
945,Emily Henderson,47,151.8080190262381,60.444136200258185
946,Justin Mercado,48,165.15641779726644,68.43535854323976
947,Joshua Wallace,41,163.15562849554215,68.49066279935883
948,Andrew Arnold,26,168.00682037357595,52.61775100937362
949,Craig Leonard,20,154.38213733819194,88.37838142589591
950,Emily Daniels,48,196.84789115155314,70.82522159519395
951,Amy Roberts,57,177.69011203561882,91.10899434082117
952,Veronica Greene,54,165.27621553290118,92.51740005599477
953,Erik Harris,53,169.84907585371417,60.599702734932904
954,Zachary Johnson,41,172.36012702524178,82.86767410850644
955,Keith Dennis,48,180.02971666803086,73.6140902081491
956,Tara Jones,23,175.7839713848249,94.00783689607425
957,Shelly Mcintosh,19,195.96959866072086,60.787033958822704
958,Jennifer Avila,37,174.84817414529152,83.89066001550222
959,Cody Morris,45,199.60790074116562,80.38760611263612
960,Christine Hull,28,192.5712478872548,64.76507387859164
961,Cory Johnston,21,160.42552571786678,56.83004518255863
962,Laura Mccormick,32,196.52976073219583,82.58198802386383
963,Jonathan Collins,23,155.8183198942738,86.92987290661654
964,Kathryn Brennan,47,190.87248542455958,65.78136718816751
965,James Le,55,169.031164673829,82.2416302011157
966,Karen Long,19,193.89871602225347,69.75654538057516
967,David Ramos,32,193.4028345053725,85.66034416413089
968,Katie Walker,28,190.29627000588107,59.96076374470265
969,Anthony Parks,25,189.50152181535307,94.51075013180872
970,Marilyn West,43,165.23395695490203,64.37047982327898
971,Chad Grant,62,154.04596415256262,68.38929938780765
972,Barbara Robinson,61,170.14900893825808,52.90459760401749
973,Robert Johnson,22,158.67622574932543,55.57561061606382
974,Amber Krueger,23,184.7475544451231,75.7930951356164
975,Eric Hoover,43,167.30498632688926,63.379633836398575
976,Kayla Mullen,21,198.78051004299573,91.77401128710972
977,Mark Church,36,182.0486038672666,50.734669432747694
978,Sherry Valencia,37,191.12402818171805,68.95470243359681
979,Misty Cole,50,156.6262336370924,66.86727733845464
980,Phillip Long,37,193.10072411363114,50.966381545880054
981,Deborah Cruz,29,196.1378595256697,56.21841995002551
982,Brandon Ellis,64,174.3530959409468,70.68213374593176
983,Carol Wood,18,180.31264688754888,74.64322922237233
984,Sabrina Miller,43,188.24049004514978,70.21448736274345
985,Catherine Garrison,31,158.74193136302063,76.5468839206047
986,Pamela York,55,175.12830382317213,79.75658374528408
987,Lori Harris,54,169.93315138861567,50.49619105639178
988,Tara Carter,28,157.31869960811247,73.2047579726752
989,Denise Caldwell,53,168.37672111457658,98.17496204437941
990,Janice Blanchard,30,153.40861546927468,75.95161400647743
991,Nancy Miranda,60,151.29059534747435,83.87711337294766
992,Brian Larson,20,156.75831445774114,65.59319289584415
993,Catherine May,50,198.15575557945868,88.69956890763812
994,Anita Levine,23,177.47647679475085,88.64607409380575
995,Timothy Powers,27,198.291108057661,76.06480238270694
996,Mrs. Sara Romero DVM,22,171.6248939165066,98.80069116396068
997,Jeremiah Davis,40,165.590806654263,56.27751073813267
998,Mr. Shawn Gentry,27,175.3070931420122,50.84738324447905
999,Veronica Smith DVM,61,171.9755844316455,88.50791058785481
1000,Angela Vaughan,19,155.28323421308718,90.35777686824413
